External ID,Work Item Type,Parent ID,Epic Name,Title,User Story / Summary,Description,Acceptance Criteria,Priority,Story Points,Wave,Legacy Reference,Dependency IDs,Dependency Notes,Module / Domain,Tags,Proposed Status,Azure Area Path,Azure Iteration Path,Jira Issue Type,Jira Epic Name,Notes
EP-00,Epic,,"Plataforma base, arquitectura y gobierno técnico","Plataforma base, arquitectura y gobierno técnico","Crear la base técnica común que soportará todos los módulos: autenticación, API Gateway, bus de eventos, observabilidad, entornos y CI/CD.","Crear la base técnica común que soportará todos los módulos: autenticación, API Gateway, bus de eventos, observabilidad, entornos y CI/CD.",,P0,25,Wave 0,Transversal a todo PWGS,,,"Plataforma base, arquitectura y gobierno técnico",ERP;Siniestros;Epic,Propuesto,ERP\Siniestros,Wave0,Epic,"Plataforma base, arquitectura y gobierno técnico",Fila agregadora para importación jerárquica
US-00.01,User Story,EP-00,"Plataforma base, arquitectura y gobierno técnico",Disponer de un API Gateway único,"Como arquitecto de plataforma quiero disponer de un API Gateway único para enrutar peticiones, aplicar autenticación y centralizar políticas para evitar acoplamientos entre frontend y microservicios.","Como arquitecto de plataforma quiero disponer de un API Gateway único para enrutar peticiones, aplicar autenticación y centralizar políticas para evitar acoplamientos entre frontend y microservicios.","- Existe un punto único de entrada para frontend web, app móvil y portales externos.
- Todas las APIs protegidas requieren autenticación y autorización basada en rol.
- El gateway registra trazas de petición, tiempos de respuesta y errores por servicio.",P0,5,Wave 0,transversal,,ninguna,"Plataforma base, arquitectura y gobierno técnico",ERP;Siniestros;EP-00;Wave0,Propuesto,ERP\Siniestros,Wave0,Story,"Plataforma base, arquitectura y gobierno técnico",
US-00.02,User Story,EP-00,"Plataforma base, arquitectura y gobierno técnico",Disponer de un bus de eventos con contratos versionados,Como equipo de desarrollo quiero disponer de un bus de eventos con contratos versionados para que los módulos reaccionen en tiempo real sin integraciones punto a punto.,Como equipo de desarrollo quiero disponer de un bus de eventos con contratos versionados para que los módulos reaccionen en tiempo real sin integraciones punto a punto.,"- Se definen eventos de dominio mínimos: ExpedienteCreado, CitaAgendada, ParteRecibido, ExpedienteFinalizado, FacturaEmitida y PedidoConfirmado.
- Cada evento incluye payload, versionado, identificador correlacionado y timestamp.
- Los consumidores pueden reprocesar eventos fallidos mediante colas de reintento y DLQ.",P0,5,Wave 0,automatización de eventos,,API Gateway y modelo de eventos,"Plataforma base, arquitectura y gobierno técnico",ERP;Siniestros;EP-00;Wave0,Propuesto,ERP\Siniestros,Wave0,Story,"Plataforma base, arquitectura y gobierno técnico",
US-00.03,User Story,EP-00,"Plataforma base, arquitectura y gobierno técnico",Pipelines CI/CD y entornos segregados,Como DevOps quiero pipelines CI/CD y entornos segregados para desplegar cambios con trazabilidad y rollback controlado.,Como DevOps quiero pipelines CI/CD y entornos segregados para desplegar cambios con trazabilidad y rollback controlado.,"- Existen entornos al menos de desarrollo, pruebas y producción con configuraciones separadas.
- Cada despliegue ejecuta validaciones automáticas, pruebas y migraciones seguras.
- Puede revertirse una versión sin pérdida de datos ni indisponibilidad prolongada.",P0,5,Wave 0,no aplica,,repositorios y estrategia de infraestructura,"Plataforma base, arquitectura y gobierno técnico",ERP;Siniestros;EP-00;Wave0,Propuesto,ERP\Siniestros,Wave0,Story,"Plataforma base, arquitectura y gobierno técnico",
US-00.04,User Story,EP-00,"Plataforma base, arquitectura y gobierno técnico",Observabilidad integral,"Como responsable técnico quiero observabilidad integral para detectar incidencias de rendimiento, sincronización y negocio antes de que afecten al SLA.","Como responsable técnico quiero observabilidad integral para detectar incidencias de rendimiento, sincronización y negocio antes de que afecten al SLA.","- Todos los servicios emiten logs estructurados con correlation_id.
- Se monitorizan métricas de negocio y plataforma: tiempo de primer contacto, partes pendientes, facturas caducadas y latencia por API.
- Existen alertas configurables para caídas de integraciones críticas, colas saturadas y errores repetidos.",P0,5,Wave 0,informes y auditoría,,logging y métricas instrumentadas,"Plataforma base, arquitectura y gobierno técnico",ERP;Siniestros;EP-00;Wave0,Propuesto,ERP\Siniestros,Wave0,Story,"Plataforma base, arquitectura y gobierno técnico",
US-00.05,User Story,EP-00,"Plataforma base, arquitectura y gobierno técnico",Un modelo RBAC/ABAC unificado,"Como responsable de seguridad quiero un modelo RBAC/ABAC unificado para controlar el acceso por rol, empresa, compañía y expediente.","Como responsable de seguridad quiero un modelo RBAC/ABAC unificado para controlar el acceso por rol, empresa, compañía y expediente.","- Los roles mínimos incluyen administración, tramitación, supervisor, operario, proveedor, perito, cliente y financiero.
- El sistema impide acceso a expedientes y datos económicos fuera del ámbito autorizado.
- Toda operación sensible queda auditada con usuario, fecha, contexto y resultado.",P0,5,Wave 0,"usuarios compañía, usuario operario, datos usuario",,identidad y catálogo de roles,"Plataforma base, arquitectura y gobierno técnico",ERP;Siniestros;EP-00;Wave0,Propuesto,ERP\Siniestros,Wave0,Story,"Plataforma base, arquitectura y gobierno técnico",
EP-01,Epic,,Ingesta de encargos y apertura de expediente,Ingesta de encargos y apertura de expediente,"Eliminar entrada manual y normalizar el alta de siniestros B2B/B2C desde correo, API, formularios o carga asistida.","Eliminar entrada manual y normalizar el alta de siniestros B2B/B2C desde correo, API, formularios o carga asistida.",,P0,14,Wave 1,apertura.php?nuevo=1,,,Ingesta de encargos y apertura de expediente,ERP;Siniestros;Epic,Propuesto,ERP\Siniestros,Wave1,Epic,Ingesta de encargos y apertura de expediente,Fila agregadora para importación jerárquica
US-01.01,User Story,EP-01,Ingesta de encargos y apertura de expediente,Recibir automáticamente nuevos encargos en la bandeja de asignaciones,Como tramitador quiero recibir automáticamente nuevos encargos en la bandeja de asignaciones para reducir tiempos de alta y errores de transcripción.,Como tramitador quiero recibir automáticamente nuevos encargos en la bandeja de asignaciones para reducir tiempos de alta y errores de transcripción.,"- Los encargos entrantes se registran sin necesidad de tecleo manual cuando existe fuente estructurada.
- Cada alta genera expediente con identificador único, estado inicial y trazabilidad de origen.
- La bandeja muestra los nuevos expedientes en tiempo real sin recargar la página.",P0,3,Wave 1,"código, compañía, empresa, anno_pap, danos, observaciones, urgente_servicio",EP-00,EP-00,Ingesta de encargos y apertura de expediente,ERP;Siniestros;EP-01;Wave1,Propuesto,ERP\Siniestros,Wave1,Story,Ingesta de encargos y apertura de expediente,
US-01.02,User Story,EP-01,Ingesta de encargos y apertura de expediente,Parsear y mapear datos atómicos del encargo,"Como sistema quiero parsear y mapear datos atómicos del encargo para poblar correctamente expediente, compañía, asegurado y metadatos operativos.","Como sistema quiero parsear y mapear datos atómicos del encargo para poblar correctamente expediente, compañía, asegurado y metadatos operativos.","- El parser separa referencia, póliza, año, urgencia, compañía, empresa facturadora, descripción del daño y observaciones.
- Los errores de parseo quedan marcados para revisión humana con detalle del campo afectado.
- No se permite crear expediente si faltan datos críticos definidos por regla de negocio.",P0,5,Wave 1,apertura.php y seguimiento cabecera,,catálogo de datos maestro,Ingesta de encargos y apertura de expediente,ERP;Siniestros;EP-01;Wave1,Propuesto,ERP\Siniestros,Wave1,Story,Ingesta de encargos y apertura de expediente,
US-01.03,User Story,EP-01,Ingesta de encargos y apertura de expediente,Editar inline los datos de apertura antes de continuar el flujo,Como tramitador quiero editar inline los datos de apertura antes de continuar el flujo para corregir erratas sin abrir pantallas secundarias.,Como tramitador quiero editar inline los datos de apertura antes de continuar el flujo para corregir erratas sin abrir pantallas secundarias.,"- Los campos editables permiten corrección inmediata y guardado auditado.
- Las modificaciones quedan registradas con valor anterior y nuevo valor.
- La interfaz diferencia claramente datos heredados, datos normalizados y datos pendientes de validación.",P0,3,Wave 1,apertura.php,,expediente creado,Ingesta de encargos y apertura de expediente,ERP;Siniestros;EP-01;Wave1,Propuesto,ERP\Siniestros,Wave1,Story,Ingesta de encargos y apertura de expediente,
US-01.04,User Story,EP-01,Ingesta de encargos y apertura de expediente,"Clasificar el expediente por urgencia, tipología y etiquetas de negocio","Como supervisor quiero clasificar el expediente por urgencia, tipología y etiquetas de negocio para enrutarlo correctamente desde el inicio.","Como supervisor quiero clasificar el expediente por urgencia, tipología y etiquetas de negocio para enrutarlo correctamente desde el inicio.","- Puede marcarse urgente, VIP y otras banderas configurables.
- La clasificación condiciona SLA, prioridad visual y automatizaciones posteriores.
- Las etiquetas quedan disponibles para búsqueda, reporting y reglas de eventos.",P0,3,Wave 1,"urgente_servicio, servicio_puntual, gestor_tipos.php",,gestor de tipos y reglas,Ingesta de encargos y apertura de expediente,ERP;Siniestros;EP-01;Wave1,Propuesto,ERP\Siniestros,Wave1,Story,Ingesta de encargos y apertura de expediente,
EP-02,Epic,,"CRM operacional, seguimiento y comunicaciones omnicanal","CRM operacional, seguimiento y comunicaciones omnicanal","Centralizar toda la conversación del expediente en una línea temporal única con trazabilidad de email, SMS, logs y acciones manuales.","Centralizar toda la conversación del expediente en una línea temporal única con trazabilidad de email, SMS, logs y acciones manuales.",,P0,14,Wave 1,"seguimiento.php > eventos, SMS y comunicaciones; form_compania correo e integraciones",,,"CRM operacional, seguimiento y comunicaciones omnicanal",ERP;Siniestros;Epic,Propuesto,ERP\Siniestros,Wave1,Epic,"CRM operacional, seguimiento y comunicaciones omnicanal",Fila agregadora para importación jerárquica
US-02.01,User Story,EP-02,"CRM operacional, seguimiento y comunicaciones omnicanal",Una timeline cronológica unificada del expediente,Como tramitador quiero una timeline cronológica unificada del expediente para consultar todo el contexto sin cambiar de herramienta.,Como tramitador quiero una timeline cronológica unificada del expediente para consultar todo el contexto sin cambiar de herramienta.,"- La timeline integra eventos del sistema, acciones humanas, emails, SMS, notas internas y cambios de estado.
- Cada elemento muestra fecha, actor, canal, resultado y vínculo al expediente.
- La línea temporal admite filtros por tipo de evento y búsqueda textual.",P0,3,Wave 1,"seguimiento, tipo_mensaje, info",EP-01,EP-01,"CRM operacional, seguimiento y comunicaciones omnicanal",ERP;Siniestros;EP-02;Wave1,Propuesto,ERP\Siniestros,Wave1,Story,"CRM operacional, seguimiento y comunicaciones omnicanal",
US-02.02,User Story,EP-02,"CRM operacional, seguimiento y comunicaciones omnicanal",Enviar emails y SMS desde el expediente con plantillas dinámicas,Como tramitador quiero enviar emails y SMS desde el expediente con plantillas dinámicas para acelerar la comunicación y mantener evidencia.,Como tramitador quiero enviar emails y SMS desde el expediente con plantillas dinámicas para acelerar la comunicación y mantener evidencia.,"- El usuario puede seleccionar plantilla, revisar el contenido y enviar por canal autorizado.
- Las variables dinámicas se resuelven con datos vigentes del expediente antes del envío.
- El resultado del envío queda registrado con estado entregado, fallido o pendiente de reintento.",P0,3,Wave 1,"id_texto_predefinido_email, email_asegurado_envio, asunto_asegurado_envio, texto_email, telefono_sms_envio, texto_sms",,plantillas y conectores de mensajería,"CRM operacional, seguimiento y comunicaciones omnicanal",ERP;Siniestros;EP-02;Wave1,Propuesto,ERP\Siniestros,Wave1,Story,"CRM operacional, seguimiento y comunicaciones omnicanal",
US-02.03,User Story,EP-02,"CRM operacional, seguimiento y comunicaciones omnicanal",Conectores IMAP/SMTP/API por compañía,Como responsable de integración quiero conectores IMAP/SMTP/API por compañía para recibir y emitir comunicaciones según el protocolo del cliente.,Como responsable de integración quiero conectores IMAP/SMTP/API por compañía para recibir y emitir comunicaciones según el protocolo del cliente.,"- Cada compañía puede definir su canal de integración y credenciales segregadas.
- Las comunicaciones entrantes se asocian automáticamente al expediente correcto cuando existe referencia suficiente.
- Los fallos de autenticación o mapeo generan alerta operativa y quedan trazados.",P0,5,Wave 1,"servidor_correo_colaborador, remitente_correo_colaborador, correo_colaborador, correo_pass_colaborador, codigo_usuario_companyia",,maestros de compañía,"CRM operacional, seguimiento y comunicaciones omnicanal",ERP;Siniestros;EP-02;Wave1,Propuesto,ERP\Siniestros,Wave1,Story,"CRM operacional, seguimiento y comunicaciones omnicanal",
US-02.04,User Story,EP-02,"CRM operacional, seguimiento y comunicaciones omnicanal",Un buscador universal multiatributo,"Como usuario de negocio quiero un buscador universal multiatributo para localizar expedientes por teléfono, nombre, dirección, referencia o etiqueta.","Como usuario de negocio quiero un buscador universal multiatributo para localizar expedientes por teléfono, nombre, dirección, referencia o etiqueta.","- La búsqueda admite combinación de criterios exactos y difusos.
- Los resultados distinguen expedientes, clientes, operarios, compañías y documentos relacionados.
- La respuesta se mantiene dentro del umbral de rendimiento definido para consulta operativa.",P0,3,Wave 1,búsqueda transversal del ERP,,indexación y normalización de datos,"CRM operacional, seguimiento y comunicaciones omnicanal",ERP;Siniestros;EP-02;Wave1,Propuesto,ERP\Siniestros,Wave1,Story,"CRM operacional, seguimiento y comunicaciones omnicanal",
EP-03,Epic,,Maestros y configuración corporativa,Maestros y configuración corporativa,"Modelar empresa, compañías, usuarios, operarios, formas de pago, cuentas bancarias y parámetros base del ERP.","Modelar empresa, compañías, usuarios, operarios, formas de pago, cuentas bancarias y parámetros base del ERP.",,P0,17,Wave 1,"empresa.php, form_compania.php, form_operario.php, datos_usuario.php, condiciones.php, gestor_tipos.php",,,Maestros y configuración corporativa,ERP;Siniestros;Epic,Propuesto,ERP\Siniestros,Wave1,Epic,Maestros y configuración corporativa,Fila agregadora para importación jerárquica
US-03.01,User Story,EP-03,Maestros y configuración corporativa,Mantener la ficha maestra de empresa,"Como administrador quiero mantener la ficha maestra de empresa para parametrizar identidad fiscal, branding, facturación y cumplimiento legal.","Como administrador quiero mantener la ficha maestra de empresa para parametrizar identidad fiscal, branding, facturación y cumplimiento legal.","- La ficha de empresa incluye datos fiscales, SMS, dirección, contacto, país, residencia, prefijo de facturación y texto de protección de datos.
- Los cambios de configuración quedan versionados y con fecha de vigencia.
- La parametrización está disponible para facturas, documentos, comunicaciones y reportes.",P0,3,Wave 1,empresa.php,EP-00,EP-00,Maestros y configuración corporativa,ERP;Siniestros;EP-03;Wave1,Propuesto,ERP\Siniestros,Wave1,Story,Maestros y configuración corporativa,
US-03.02,User Story,EP-03,Maestros y configuración corporativa,Gestionar la configuración completa de cada compañía aseguradora,"Como administrador quiero gestionar la configuración completa de cada compañía aseguradora para adaptar tarifas, integraciones, zonas y reglas operativas.","Como administrador quiero gestionar la configuración completa de cada compañía aseguradora para adaptar tarifas, integraciones, zonas y reglas operativas.","- La ficha de compañía soporta datos básicos, subcuentas, forma de pago, cuenta bancaria, provincias, descuentos, IVA, tipificaciones y usuarios.
- Las credenciales e integraciones se almacenan cifradas y segregadas por entorno.
- La parametrización influye en apertura, planning, presupuestos, facturación y comunicaciones.",P0,5,Wave 1,form_compania.php,,catálogo de maestros,Maestros y configuración corporativa,ERP;Siniestros;EP-03;Wave1,Propuesto,ERP\Siniestros,Wave1,Story,Maestros y configuración corporativa,
US-03.03,User Story,EP-03,Maestros y configuración corporativa,"Mantener la red de operarios con datos logísticos, bancarios, categorías y automatizaciones","Como supervisor quiero mantener la red de operarios con datos logísticos, bancarios, categorías y automatizaciones para asignar correctamente trabajos.","Como supervisor quiero mantener la red de operarios con datos logísticos, bancarios, categorías y automatizaciones para asignar correctamente trabajos.","- La ficha del operario incluye datos personales o societarios, contacto, IBAN, subcuenta, prefijo de autofacturación, categoría y credenciales.
- Puede marcarse supervisor, automatización SMS/email y ajuste negociado de baremos.
- Los operarios inactivos no aparecen como candidatos en planificación ni autofacturación.",P0,3,Wave 1,form_operario.php,,catálogo de especialidades,Maestros y configuración corporativa,ERP;Siniestros;EP-03;Wave1,Propuesto,ERP\Siniestros,Wave1,Story,Maestros y configuración corporativa,
US-03.04,User Story,EP-03,Maestros y configuración corporativa,"Gestionar usuarios internos, roles y cambio de contraseña","Como administrador quiero gestionar usuarios internos, roles y cambio de contraseña para asegurar el acceso controlado a la plataforma.","Como administrador quiero gestionar usuarios internos, roles y cambio de contraseña para asegurar el acceso controlado a la plataforma.","- Cada usuario dispone de identidad, rol, empresa y políticas de contraseña.
- El cambio de contraseña exige validación de credenciales previas y reglas de complejidad.
- Los accesos quedan auditados y pueden bloquearse tras intentos fallidos.",P0,3,Wave 1,"datos_usuario.php, usuarios de compañía",,RBAC,Maestros y configuración corporativa,ERP;Siniestros;EP-03;Wave1,Propuesto,ERP\Siniestros,Wave1,Story,Maestros y configuración corporativa,
US-03.05,User Story,EP-03,Maestros y configuración corporativa,"Mantener etiquetas, condiciones legales y parámetros globales","Como responsable funcional quiero mantener etiquetas, condiciones legales y parámetros globales para reutilizar textos y banderas en presupuestos y facturas.","Como responsable funcional quiero mantener etiquetas, condiciones legales y parámetros globales para reutilizar textos y banderas en presupuestos y facturas.","- Es posible crear, activar o desactivar etiquetas de negocio y condiciones por defecto.
- Las condiciones pueden auto-incluirse en documentos según reglas configurables.
- Los parámetros globales se gestionan sin cambios de código y con trazabilidad.",P0,3,Wave 1,"gestor_tipos.php, condiciones.php",EP-03,EP-03.01,Maestros y configuración corporativa,ERP;Siniestros;EP-03;Wave1,Propuesto,ERP\Siniestros,Wave1,Story,Maestros y configuración corporativa,
EP-04,Epic,,"Planificación, agenda y smart dispatch","Planificación, agenda y smart dispatch","Asignar correctamente operarios y citas, respetando disponibilidad, especialidad, capacidad y SLA de primer contacto.","Asignar correctamente operarios y citas, respetando disponibilidad, especialidad, capacidad y SLA de primer contacto.",,P0,15,Wave 1,seguimiento.php > tareas/actuaciones/planning; datos cabecera de siniestro,,,"Planificación, agenda y smart dispatch",ERP;Siniestros;Epic,Propuesto,ERP\Siniestros,Wave1,Epic,"Planificación, agenda y smart dispatch",Fila agregadora para importación jerárquica
US-04.01,User Story,EP-04,"Planificación, agenda y smart dispatch",Consultar un plan semanal por gremio y operario,Como tramitador quiero consultar un plan semanal por gremio y operario para elegir el mejor hueco disponible y cumplir el SLA de contacto.,Como tramitador quiero consultar un plan semanal por gremio y operario para elegir el mejor hueco disponible y cumplir el SLA de contacto.,"- La agenda muestra por operario la carga existente, disponibilidad y huecos libres.
- El filtrado por especialidad y zona reduce la lista a candidatos válidos.
- Los cambios de disponibilidad se reflejan en tiempo real para evitar sobreasignación.",P0,3,Wave 1,"especialidad_servicio, idtrabajo",EP-03,EP-03 operarios,"Planificación, agenda y smart dispatch",ERP;Siniestros;EP-04;Wave1,Propuesto,ERP\Siniestros,Wave1,Story,"Planificación, agenda y smart dispatch",
US-04.02,User Story,EP-04,"Planificación, agenda y smart dispatch",Crear una cita desde un wizard con contexto fijo del expediente,Como tramitador quiero crear una cita desde un wizard con contexto fijo del expediente para no perder información durante la planificación.,Como tramitador quiero crear una cita desde un wizard con contexto fijo del expediente para no perder información durante la planificación.,"- El formulario de nueva cita muestra siempre referencia, cliente, dirección, teléfonos y daño.
- El usuario debe informar fecha, hora, operario y observaciones mínimas.
- Al guardar, la cita se vincula al expediente y genera un identificador de trabajo diario.",P0,3,Wave 1,planning diario,,expediente abierto,"Planificación, agenda y smart dispatch",ERP;Siniestros;EP-04;Wave1,Propuesto,ERP\Siniestros,Wave1,Story,"Planificación, agenda y smart dispatch",
US-04.03,User Story,EP-04,"Planificación, agenda y smart dispatch",Disparar automáticamente las acciones asociadas a una cita agendada,Como sistema quiero disparar automáticamente las acciones asociadas a una cita agendada para reducir tareas manuales y tiempos muertos.,Como sistema quiero disparar automáticamente las acciones asociadas a una cita agendada para reducir tareas manuales y tiempos muertos.,"- Al agendarse una cita, se ejecutan según reglas la notificación a compañía, el envío al operario y la generación del enlace de seguimiento al cliente.
- Si alguna acción secundaria falla, la cita permanece creada y se gestiona el reintento sin perder consistencia.
- Cada acción generada queda reflejada en la timeline del expediente.",P0,3,Wave 1,"primer contacto, comunicaciones automáticas",,motor de eventos,"Planificación, agenda y smart dispatch",ERP;Siniestros;EP-04;Wave1,Propuesto,ERP\Siniestros,Wave1,Story,"Planificación, agenda y smart dispatch",
US-04.04,User Story,EP-04,"Planificación, agenda y smart dispatch","Tipificar especialidad, tipo de daño, urgencia y fecha tope del expediente","Como tramitador quiero tipificar especialidad, tipo de daño, urgencia y fecha tope del expediente para activar correctamente flujos posteriores.","Como tramitador quiero tipificar especialidad, tipo de daño, urgencia y fecha tope del expediente para activar correctamente flujos posteriores.","- No se puede pasar a En Curso sin especialidad y tipo de daño definidos.
- La fecha tope alimenta alertas y bandejas de control SLA.
- La urgencia modifica prioridad visual y orden en las bandejas.",P0,3,Wave 1,"especialidad_servicio, tipo_danyo, urgente, fecha_tope",,expediente existente,"Planificación, agenda y smart dispatch",ERP;Siniestros;EP-04;Wave1,Propuesto,ERP\Siniestros,Wave1,Story,"Planificación, agenda y smart dispatch",
US-04.05,User Story,EP-04,"Planificación, agenda y smart dispatch",Reasignar o replanificar una cita con trazabilidad,"Como supervisor quiero reasignar o replanificar una cita con trazabilidad para reaccionar ante ausencias, incidencias o cambios del cliente.","Como supervisor quiero reasignar o replanificar una cita con trazabilidad para reaccionar ante ausencias, incidencias o cambios del cliente.","- La reasignación conserva histórico de operario anterior, motivo y usuario que realiza el cambio.
- El sistema notifica a las partes afectadas según reglas de negocio.
- Las citas canceladas o movidas no computan como visitas ejecutadas en reporting.",P0,3,Wave 1,"estado tarea, planificación",EP-04,EP-04.02,"Planificación, agenda y smart dispatch",ERP;Siniestros;EP-04;Wave1,Propuesto,ERP\Siniestros,Wave1,Story,"Planificación, agenda y smart dispatch",
EP-05,Epic,,App móvil del operario y ejecución en campo,App móvil del operario y ejecución en campo,"Convertir el móvil del operario en el punto único de captura de evidencias, reporte de trabajos y conformidad del cliente.","Convertir el móvil del operario en el punto único de captura de evidencias, reporte de trabajos y conformidad del cliente.",,P0,19,Wave 1,web app operarios; seguimiento > tareas; informes operarios,,,App móvil del operario y ejecución en campo,ERP;Siniestros;Epic,Propuesto,ERP\Siniestros,Wave1,Epic,App móvil del operario y ejecución en campo,Fila agregadora para importación jerárquica
US-05.01,User Story,EP-05,App móvil del operario y ejecución en campo,Autenticarme y ver únicamente mis expedientes asignados,Como operario quiero autenticarme y ver únicamente mis expedientes asignados para trabajar con seguridad y foco operativo.,Como operario quiero autenticarme y ver únicamente mis expedientes asignados para trabajar con seguridad y foco operativo.,"- La app muestra agenda y expedientes asignados al operario autenticado.
- No se exponen expedientes no asignados ni información financiera innecesaria.
- La sesión puede reanudarse de forma segura y cumple con políticas de expiración.",P0,3,Wave 1,"usuario, contrasena operario",,RBAC y maestros de operario,App móvil del operario y ejecución en campo,ERP;Siniestros;EP-05;Wave1,Propuesto,ERP\Siniestros,Wave1,Story,App móvil del operario y ejecución en campo,
US-05.02,User Story,EP-05,App móvil del operario y ejecución en campo,"Consultar datos básicos del expediente y acciones rápidas de llamada, navegación y contacto","Como operario quiero consultar datos básicos del expediente y acciones rápidas de llamada, navegación y contacto para llegar mejor preparado a la visita.","Como operario quiero consultar datos básicos del expediente y acciones rápidas de llamada, navegación y contacto para llegar mejor preparado a la visita.","- La app muestra referencia, asegurado, dirección, teléfonos, daño y observaciones relevantes.
- Existen accesos rápidos para abrir mapas, llamar o enviar comunicación predefinida.
- Los datos se descargan de forma segura y quedan cacheados para uso temporal offline.",P0,3,Wave 1,datos del siniestro y contacto cliente,,citas asignadas,App móvil del operario y ejecución en campo,ERP;Siniestros;EP-05;Wave1,Propuesto,ERP\Siniestros,Wave1,Story,App móvil del operario y ejecución en campo,
US-05.03,User Story,EP-05,App móvil del operario y ejecución en campo,"Capturar fotos, audio, vídeo y texto libre","Como operario quiero capturar fotos, audio, vídeo y texto libre para documentar la visita con evidencia suficiente.","Como operario quiero capturar fotos, audio, vídeo y texto libre para documentar la visita con evidencia suficiente.","- La app permite adjuntar varias evidencias clasificadas por antes, durante y después.
- Los archivos se comprimen y se suben sin bloquear la experiencia de usuario.
- Cada evidencia queda asociada al expediente, a la visita y al autor que la generó.",P0,5,Wave 1,"parte firmado, fotos e informe",,permisos de dispositivo y storage,App móvil del operario y ejecución en campo,ERP;Siniestros;EP-05;Wave1,Propuesto,ERP\Siniestros,Wave1,Story,App móvil del operario y ejecución en campo,
US-05.04,User Story,EP-05,App móvil del operario y ejecución en campo,"Indicar trabajos realizados, trabajos pendientes y posibilidad de nueva visita o liquidación","Como operario quiero indicar trabajos realizados, trabajos pendientes y posibilidad de nueva visita o liquidación para cerrar correctamente la intervención.","Como operario quiero indicar trabajos realizados, trabajos pendientes y posibilidad de nueva visita o liquidación para cerrar correctamente la intervención.","- El operario puede registrar texto libre y seleccionar resultado de la visita: completada, pendiente, ausente o requiere material.
- Si requiere nueva visita, la app solicita motivo y puede proponer presupuesto preliminar según baremos habilitados.
- El envío del parte valida campos mínimos según el resultado elegido.",P0,3,Wave 1,"trabajos realizados, pendientes, marcar visita, liquidarse",,baremos y estado de visita,App móvil del operario y ejecución en campo,ERP;Siniestros;EP-05;Wave1,Propuesto,ERP\Siniestros,Wave1,Story,App móvil del operario y ejecución en campo,
US-05.05,User Story,EP-05,App móvil del operario y ejecución en campo,Recoger la conformidad y firma del cliente,Como operario quiero recoger la conformidad y firma del cliente para dejar prueba formal de la intervención realizada.,Como operario quiero recoger la conformidad y firma del cliente para dejar prueba formal de la intervención realizada.,"- La firma se captura en pantalla táctil y se almacena como activo vinculado al parte.
- El cliente visualiza un resumen legible antes de firmar.
- Una vez enviado, el parte genera evento de recepción y no puede alterarse sin crear versión nueva.",P0,5,Wave 1,parte firmado,,cierre de reporte,App móvil del operario y ejecución en campo,ERP;Siniestros;EP-05;Wave1,Propuesto,ERP\Siniestros,Wave1,Story,App móvil del operario y ejecución en campo,
EP-06,Epic,,"Excepciones operativas, SLA y task manager interno","Excepciones operativas, SLA y task manager interno","Asegurar que nada queda olvidado: pendientes, informes caducados, tareas internas, alertas persistentes y control de cumplimiento.","Asegurar que nada queda olvidado: pendientes, informes caducados, tareas internas, alertas persistentes y control de cumplimiento.",,P1,15,Wave 2,"seguimiento estado tarea, pendientes, informes caducados, modulos/eventos, tareas y notas",,,"Excepciones operativas, SLA y task manager interno",ERP;Siniestros;Epic,Propuesto,ERP\Siniestros,Wave2,Epic,"Excepciones operativas, SLA y task manager interno",Fila agregadora para importación jerárquica
US-06.01,User Story,EP-06,"Excepciones operativas, SLA y task manager interno",Detectar citas vencidas sin parte recibido,Como sistema quiero detectar citas vencidas sin parte recibido para alimentar la bandeja de informes caducados y activar reclamación al operario.,Como sistema quiero detectar citas vencidas sin parte recibido para alimentar la bandeja de informes caducados y activar reclamación al operario.,"- Un watchdog periódico identifica visitas pasadas sin reporte asociado.
- Los expedientes afectados se muestran en una bandeja específica filtrable por operario y gremio.
- La salida de la bandeja se produce automáticamente al recibirse el parte o justificar la incidencia.",P1,3,Wave 2,informes caducados,"EP-04, EP-05",EP-04 y EP-05,"Excepciones operativas, SLA y task manager interno",ERP;Siniestros;EP-06;Wave2,Propuesto,ERP\Siniestros,Wave2,Story,"Excepciones operativas, SLA y task manager interno",
US-06.02,User Story,EP-06,"Excepciones operativas, SLA y task manager interno",Mover un expediente a pendiente con causa tipificada,Como tramitador quiero mover un expediente a pendiente con causa tipificada para mantener el flujo ordenado cuando el caso no pueda avanzar.,Como tramitador quiero mover un expediente a pendiente con causa tipificada para mantener el flujo ordenado cuando el caso no pueda avanzar.,"- Las causas de pendiente se parametrizan y pueden requerir fecha de revisión obligatoria.
- El expediente en pendiente sigue visible en bandejas y reporting con su causa activa.
- La reactivación del expediente queda auditada con motivo y usuario.",P1,3,Wave 2,"pendientes por cliente ausente, secado, instrucciones periciales, materiales",,catálogo de causas,"Excepciones operativas, SLA y task manager interno",ERP;Siniestros;EP-06;Wave2,Propuesto,ERP\Siniestros,Wave2,Story,"Excepciones operativas, SLA y task manager interno",
US-06.03,User Story,EP-06,"Excepciones operativas, SLA y task manager interno",Crear tareas programadas,Como usuario interno quiero crear tareas programadas para mí o para un compañero y recibir alertas persistentes hasta resolverlas o posponerlas.,Como usuario interno quiero crear tareas programadas para mí o para un compañero y recibir alertas persistentes hasta resolverlas o posponerlas.,"- Una tarea puede vincularse o no a expediente, tener vencimiento y usuario asignado.
- La alerta no desaparece por cambiar de pantalla; exige resolver o posponer con nueva fecha.
- Toda tarea conserva histórico de cambios de estado y comentarios.",P1,3,Wave 2,"nueva tarea, bocadillo persistente",,motor de notificaciones,"Excepciones operativas, SLA y task manager interno",ERP;Siniestros;EP-06;Wave2,Propuesto,ERP\Siniestros,Wave2,Story,"Excepciones operativas, SLA y task manager interno",
US-06.04,User Story,EP-06,"Excepciones operativas, SLA y task manager interno",Un panel kanban/listado de tareas internas,Como supervisor quiero un panel kanban/listado de tareas internas para controlar carga administrativa y tiempos de respuesta del equipo.,Como supervisor quiero un panel kanban/listado de tareas internas para controlar carga administrativa y tiempos de respuesta del equipo.,"- Las tareas pueden filtrarse por estado, usuario, prioridad y expediente.
- El panel permite cambio de estado con trazabilidad y sin pérdida de contexto.
- Los tiempos de resolución alimentan métricas de rendimiento administrativo.",P1,3,Wave 2,productividad administrativa,EP-06,EP-06.03,"Excepciones operativas, SLA y task manager interno",ERP;Siniestros;EP-06;Wave2,Propuesto,ERP\Siniestros,Wave2,Story,"Excepciones operativas, SLA y task manager interno",
US-06.05,User Story,EP-06,"Excepciones operativas, SLA y task manager interno","Pausar o recalcular los SLA considerando festivos, urgencias y estados suspendidos","Como motor de negocio quiero pausar o recalcular los SLA considerando festivos, urgencias y estados suspendidos para medir correctamente el cumplimiento.","Como motor de negocio quiero pausar o recalcular los SLA considerando festivos, urgencias y estados suspendidos para medir correctamente el cumplimiento.","- El cálculo SLA distingue tiempo objetivo, tiempo suspendido y tiempo efectivo.
- Los festivos y pausas justificadas no penalizan indebidamente los indicadores.
- Las reglas de recálculo son configurables por compañía y tipo de servicio.",P1,3,Wave 2,módulo de festivos relacionado con eventos,,calendario laboral y reglas,"Excepciones operativas, SLA y task manager interno",ERP;Siniestros;EP-06;Wave2,Propuesto,ERP\Siniestros,Wave2,Story,"Excepciones operativas, SLA y task manager interno",
EP-07,Epic,,"Baremos, presupuesto y validación técnica","Baremos, presupuesto y validación técnica","Traducir la ejecución técnica a conceptos económicos estructurados y auditables, listos para facturación y control de margen.","Traducir la ejecución técnica a conceptos económicos estructurados y auditables, listos para facturación y control de margen.",,P1,12,Wave 2,panel_control.php baremos; seguimiento > económicos; presupuesto legacy,,,"Baremos, presupuesto y validación técnica",ERP;Siniestros;Epic,Propuesto,ERP\Siniestros,Wave2,Epic,"Baremos, presupuesto y validación técnica",Fila agregadora para importación jerárquica
US-07.01,User Story,EP-07,"Baremos, presupuesto y validación técnica","Mantener baremos jerárquicos por compañía, especialidad y partida","Como responsable de tarifas quiero mantener baremos jerárquicos por compañía, especialidad y partida para soportar precios de cliente y de operario.","Como responsable de tarifas quiero mantener baremos jerárquicos por compañía, especialidad y partida para soportar precios de cliente y de operario.","- Cada partida guarda código, descripción, especialidad, precio cliente, precio operario, cantidad y flags de uso.
- Puede importarse y actualizarse información masiva mediante CSV con validación de columnas.
- Las modificaciones de tarifa quedan versionadas con fecha de vigencia.",P1,3,Wave 2,panel_control.php,EP-03,EP-03 compañías y operarios,"Baremos, presupuesto y validación técnica",ERP;Siniestros;EP-07;Wave2,Propuesto,ERP\Siniestros,Wave2,Story,"Baremos, presupuesto y validación técnica",
US-07.02,User Story,EP-07,"Baremos, presupuesto y validación técnica","Construir un presupuesto seleccionando especialidad, epígrafe y trabajos aplicables","Como tramitador quiero construir un presupuesto seleccionando especialidad, epígrafe y trabajos aplicables para estructurar correctamente el coste del expediente.","Como tramitador quiero construir un presupuesto seleccionando especialidad, epígrafe y trabajos aplicables para estructurar correctamente el coste del expediente.","- La interfaz permite añadir conceptos, cantidades, observaciones y descuentos autorizados.
- Los conceptos heredados de baremo pueden marcarse como libres solo si la regla lo permite.
- El presupuesto calcula automáticamente subtotales, descuentos e IVA aplicable.",P1,3,Wave 2,árbol de presupuesto,,baremos disponibles,"Baremos, presupuesto y validación técnica",ERP;Siniestros;EP-07;Wave2,Propuesto,ERP\Siniestros,Wave2,Story,"Baremos, presupuesto y validación técnica",
US-07.03,User Story,EP-07,"Baremos, presupuesto y validación técnica",Validar trabajos realizados e informe de operario antes de cerrar técnicamente el expediente,Como supervisor quiero validar trabajos realizados e informe de operario antes de cerrar técnicamente el expediente para asegurar consistencia entre lo ejecutado y lo facturable.,Como supervisor quiero validar trabajos realizados e informe de operario antes de cerrar técnicamente el expediente para asegurar consistencia entre lo ejecutado y lo facturable.,"- No puede marcarse expediente como finalizado si no existe informe operativo asociado.
- La validación visual diferencia conceptos pendientes, validados y rechazados.
- Toda corrección posterior a la validación genera nueva versión o rastro de auditoría.",P1,3,Wave 2,validación en verde y finalización,,parte recibido,"Baremos, presupuesto y validación técnica",ERP;Siniestros;EP-07;Wave2,Propuesto,ERP\Siniestros,Wave2,Story,"Baremos, presupuesto y validación técnica",
US-07.04,User Story,EP-07,"Baremos, presupuesto y validación técnica",Calcular margen previsto por expediente y desviación frente a baremo,Como sistema quiero calcular margen previsto por expediente y desviación frente a baremo para ayudar a controlar rentabilidad antes de facturar.,Como sistema quiero calcular margen previsto por expediente y desviación frente a baremo para ayudar a controlar rentabilidad antes de facturar.,"- El sistema calcula coste estimado, ingreso estimado y margen por expediente y por partida.
- Las desviaciones sobre descuentos o importes fuera de baremo quedan resaltadas.
- La información está disponible para supervisor, financiero y BI.",P1,3,Wave 2,precio cliente vs precio operario,"EP-05, EP-07",EP-07.01 y EP-05,"Baremos, presupuesto y validación técnica",ERP;Siniestros;EP-07;Wave2,Propuesto,ERP\Siniestros,Wave2,Story,"Baremos, presupuesto y validación técnica",
EP-08,Epic,,"Facturación, cobro y tesorería","Facturación, cobro y tesorería","Garantizar que todo expediente finalizado se facture, se envíe por el protocolo correcto y se controle hasta el cobro.","Garantizar que todo expediente finalizado se facture, se envíe por el protocolo correcto y se controle hasta el cobro.",,P1,25,Wave 2,"facturar_07.php, informes_facturas.php, empresa.php prefijo factura, form_compania forma de pago/cuenta bancaria",,,"Facturación, cobro y tesorería",ERP;Siniestros;Epic,Propuesto,ERP\Siniestros,Wave2,Epic,"Facturación, cobro y tesorería",Fila agregadora para importación jerárquica
US-08.01,User Story,EP-08,"Facturación, cobro y tesorería","Emitir facturas desde expedientes finalizados con series, numeración y forma de pago correctas","Como financiero quiero emitir facturas desde expedientes finalizados con series, numeración y forma de pago correctas para evitar errores contables.","Como financiero quiero emitir facturas desde expedientes finalizados con series, numeración y forma de pago correctas para evitar errores contables.","- El sistema no permite facturar expedientes no finalizados o sin conceptos validados.
- La numeración respeta serie, prefijo y secuencia sin duplicidades.
- La factura conserva vínculo trazable con expediente, compañía, empresa y partidas de origen.",P1,5,Wave 2,"numero, fecha_factura, facturacion_series_id_serie, forma_pago, cuenta_bancaria",EP-07,EP-07 validación técnica,"Facturación, cobro y tesorería",ERP;Siniestros;EP-08;Wave2,Propuesto,ERP\Siniestros,Wave2,Story,"Facturación, cobro y tesorería",
US-08.02,User Story,EP-08,"Facturación, cobro y tesorería",Enviar la factura por el canal exigido por cada cliente,Como sistema quiero enviar la factura por el canal exigido por cada cliente para automatizar la salida documental y reducir trabajo manual.,Como sistema quiero enviar la factura por el canal exigido por cada cliente para automatizar la salida documental y reducir trabajo manual.,"- Cada compañía puede definir envío por email, API, portal o formato estructurado específico.
- El resultado del envío queda registrado con fecha, acuse o error detallado.
- Los fallos de transmisión generan cola de reintento y alerta operativa.",P1,5,Wave 2,protocolo de comunicación por compañía,,maestros de compañía e integración,"Facturación, cobro y tesorería",ERP;Siniestros;EP-08;Wave2,Propuesto,ERP\Siniestros,Wave2,Story,"Facturación, cobro y tesorería",
US-08.03,User Story,EP-08,"Facturación, cobro y tesorería",Una bandeja de pendientes de facturar,Como financiero quiero una bandeja de pendientes de facturar para detectar expedientes cerrados que aún no han generado factura.,Como financiero quiero una bandeja de pendientes de facturar para detectar expedientes cerrados que aún no han generado factura.,"- La bandeja lista expedientes finalizados sin factura emitida.
- Puede filtrarse por compañía, empresa, fecha de finalización y responsable.
- La salida de la bandeja es automática al emitirse correctamente la factura.",P1,5,Wave 2,pendientes de facturar,,estados de expediente,"Facturación, cobro y tesorería",ERP;Siniestros;EP-08;Wave2,Propuesto,ERP\Siniestros,Wave2,Story,"Facturación, cobro y tesorería",
US-08.04,User Story,EP-08,"Facturación, cobro y tesorería",Una bandeja de facturas caducadas,Como financiero quiero una bandeja de facturas caducadas para reclamar cobros no recibidos dentro del plazo previsto.,Como financiero quiero una bandeja de facturas caducadas para reclamar cobros no recibidos dentro del plazo previsto.,"- Una factura pasa a caducada según regla de vencimiento y estado de cobro.
- La bandeja permite registrar gestiones de reclamación y próximo seguimiento.
- Las facturas cobradas salen automáticamente de la bandeja y actualizan tesorería.",P1,5,Wave 2,facturas caducadas,,calendario de cobro y conciliación,"Facturación, cobro y tesorería",ERP;Siniestros;EP-08;Wave2,Propuesto,ERP\Siniestros,Wave2,Story,"Facturación, cobro y tesorería",
US-08.05,User Story,EP-08,"Facturación, cobro y tesorería",Exportar facturas y asientos a Excel/CSV/ContaPlus,Como contabilidad quiero exportar facturas y asientos a Excel/CSV/ContaPlus para integrarme con el ecosistema financiero existente.,Como contabilidad quiero exportar facturas y asientos a Excel/CSV/ContaPlus para integrarme con el ecosistema financiero existente.,"- La exportación respeta filtros por empresa, banco, compañía, serie y estados.
- Los formatos generados son consistentes con el esquema de importación objetivo.
- Toda exportación queda registrada con usuario, fecha, parámetros y fichero generado.",P1,5,Wave 2,"informes_facturas.php, subcuentas y exportación",,estructura contable,"Facturación, cobro y tesorería",ERP;Siniestros;EP-08;Wave2,Propuesto,ERP\Siniestros,Wave2,Story,"Facturación, cobro y tesorería",
EP-09,Epic,,Proveedores y logística de materiales,Proveedores y logística de materiales,Controlar pedidos de material vinculados al expediente y evitar paralizaciones por falta de suministro.,Controlar pedidos de material vinculados al expediente y evitar paralizaciones por falta de suministro.,,P1,20,Wave 2,"pedidos a recoger, pedidos caducados, proveedores",,,Proveedores y logística de materiales,ERP;Siniestros;Epic,Propuesto,ERP\Siniestros,Wave2,Epic,Proveedores y logística de materiales,Fila agregadora para importación jerárquica
US-09.01,User Story,EP-09,Proveedores y logística de materiales,"Crear pedidos de material ligados al expediente, proveedor y fecha límite","Como tramitador quiero crear pedidos de material ligados al expediente, proveedor y fecha límite para gestionar correctamente la logística de la reparación.","Como tramitador quiero crear pedidos de material ligados al expediente, proveedor y fecha límite para gestionar correctamente la logística de la reparación.","- Cada pedido incluye proveedor, materiales, cantidades, fecha límite y visita asociada si aplica.
- El pedido queda visible en el expediente y en el centro logístico.
- Las modificaciones posteriores quedan auditadas y notificadas al proveedor cuando procede.",P1,5,Wave 2,"módulo proveedores, deadline de entrega",,maestros de proveedor,Proveedores y logística de materiales,ERP;Siniestros;EP-09;Wave2,Propuesto,ERP\Siniestros,Wave2,Story,Proveedores y logística de materiales,
US-09.02,User Story,EP-09,Proveedores y logística de materiales,Notificar al proveedor por email o portal ligero con enlace seguro,Como sistema quiero notificar al proveedor por email o portal ligero con enlace seguro para confirmar disponibilidad del material.,Como sistema quiero notificar al proveedor por email o portal ligero con enlace seguro para confirmar disponibilidad del material.,"- El proveedor recibe detalle del pedido y una acción segura de confirmación.
- La confirmación cambia el estado a listo para recoger y genera evento al ERP.
- Las confirmaciones inválidas, duplicadas o caducadas se rechazan de forma controlada.",P1,5,Wave 2,"web app proveedor, magic link",,conectores de mensajería,Proveedores y logística de materiales,ERP;Siniestros;EP-09;Wave2,Propuesto,ERP\Siniestros,Wave2,Story,Proveedores y logística de materiales,
US-09.03,User Story,EP-09,Proveedores y logística de materiales,Una bandeja de pedidos a recoger,Como tramitador quiero una bandeja de pedidos a recoger para reactivar rápidamente la planificación cuando el material esté listo.,Como tramitador quiero una bandeja de pedidos a recoger para reactivar rápidamente la planificación cuando el material esté listo.,"- La bandeja muestra pedidos confirmados y pendientes de cita de recogida o nueva visita.
- Desde la bandeja puede abrirse el expediente y lanzar nueva planificación.
- El pedido desaparece de la bandeja cuando se recoge o se consume en la visita posterior.",P1,5,Wave 2,pedidos a recoger,EP-09,EP-09.02,Proveedores y logística de materiales,ERP;Siniestros;EP-09;Wave2,Propuesto,ERP\Siniestros,Wave2,Story,Proveedores y logística de materiales,
US-09.04,User Story,EP-09,Proveedores y logística de materiales,Detectar pedidos caducados y retrasos de proveedor,Como supervisor quiero detectar pedidos caducados y retrasos de proveedor para anticiparme a reclamaciones y renegociar plazos.,Como supervisor quiero detectar pedidos caducados y retrasos de proveedor para anticiparme a reclamaciones y renegociar plazos.,"- Un monitor periódico identifica pedidos vencidos sin confirmación.
- La bandeja de caducados permite filtrar por proveedor, expediente, antigüedad y compañía.
- El sistema registra acciones correctivas y causa de cierre del retraso.",P1,5,Wave 2,pedidos caducados,,deadlines operativos,Proveedores y logística de materiales,ERP;Siniestros;EP-09;Wave2,Propuesto,ERP\Siniestros,Wave2,Story,Proveedores y logística de materiales,
EP-10,Epic,,"BI, reporting y autofacturación","BI, reporting y autofacturación","Explotar la información operativa y financiera para dirección, control de rentabilidad y gestión de subcontratados.","Explotar la información operativa y financiera para dirección, control de rentabilidad y gestión de subcontratados.",,P2,20,Wave 3,"informes_facturas.php, cuadro de gerencia, autofacturación subcontratas",,,"BI, reporting y autofacturación",ERP;Siniestros;Epic,Propuesto,ERP\Siniestros,Wave3,Epic,"BI, reporting y autofacturación",Fila agregadora para importación jerárquica
US-10.01,User Story,EP-10,"BI, reporting y autofacturación","Un cuadro de mando con KPIs operativos, financieros y administrativos","Como dirección quiero un cuadro de mando con KPIs operativos, financieros y administrativos para gestionar la empresa con datos fiables.","Como dirección quiero un cuadro de mando con KPIs operativos, financieros y administrativos para gestionar la empresa con datos fiables.","- El dashboard muestra volumen de expedientes, SLA, margen, facturación, cobro y productividad.
- Las métricas pueden filtrarse por rango temporal, empresa, compañía, gremio y operario.
- Las cifras visibles coinciden con las fuentes transaccionales auditadas o con vistas materializadas validadas.",P2,5,Wave 3,cuadro de gerencia,,modelos de datos consolidados,"BI, reporting y autofacturación",ERP;Siniestros;EP-10;Wave3,Propuesto,ERP\Siniestros,Wave3,Story,"BI, reporting y autofacturación",
US-10.02,User Story,EP-10,"BI, reporting y autofacturación","Análisis de rentabilidad por expediente, compañía, gremio y operario","Como responsable operativo quiero análisis de rentabilidad por expediente, compañía, gremio y operario para identificar fugas de margen.","Como responsable operativo quiero análisis de rentabilidad por expediente, compañía, gremio y operario para identificar fugas de margen.","- El sistema calcula ingresos, costes y margen real y previsto en los cortes definidos.
- Puede detectarse desvío respecto a baremo, incidencias recurrentes y expedientes deficitarios.
- Los indicadores pueden exportarse a formatos explotables por negocio.",P2,5,Wave 3,rentabilidad por operario,"EP-07, EP-08",EP-07 y EP-08,"BI, reporting y autofacturación",ERP;Siniestros;EP-10;Wave3,Propuesto,ERP\Siniestros,Wave3,Story,"BI, reporting y autofacturación",
US-10.03,User Story,EP-10,"BI, reporting y autofacturación",Reporting masivo de facturas con filtros avanzados y generación de PDFs o lotes exportables,Como contabilidad quiero reporting masivo de facturas con filtros avanzados y generación de PDFs o lotes exportables para cierres periódicos.,Como contabilidad quiero reporting masivo de facturas con filtros avanzados y generación de PDFs o lotes exportables para cierres periódicos.,"- El informe permite filtrar por empresa, banco, compañía, serie, estados y rango de fechas.
- Puede obtenerse vista en pantalla, exportación tabular y documentos en lote.
- La ejecución respeta umbrales de rendimiento y paginación para grandes volúmenes.",P2,5,Wave 3,informes_facturas.php,,motor de informes,"BI, reporting y autofacturación",ERP;Siniestros;EP-10;Wave3,Propuesto,ERP\Siniestros,Wave3,Story,"BI, reporting y autofacturación",
US-10.04,User Story,EP-10,"BI, reporting y autofacturación",Generar autofacturación mensual de subcontratados,Como financiero quiero generar autofacturación mensual de subcontratados para liquidar de forma controlada la red externa.,Como financiero quiero generar autofacturación mensual de subcontratados para liquidar de forma controlada la red externa.,"- El sistema identifica expedientes y conceptos liquidables por operario externo y período.
- La autofactura utiliza prefijo, datos fiscales y cuenta bancaria del operario.
- Antes de emitir, el usuario puede revisar importes, exclusiones y duplicidades potenciales.",P2,5,Wave 3,"prefijo_factura operario, autofacturación",,maestros de operario y trabajos liquidados,"BI, reporting y autofacturación",ERP;Siniestros;EP-10;Wave3,Propuesto,ERP\Siniestros,Wave3,Story,"BI, reporting y autofacturación",
EP-11,Epic,,Portal de peritos y auditoría técnica,Portal de peritos y auditoría técnica,Permitir a peritos externos revisar evidencias y emitir instrucciones sin bloquear el expediente en correo o canales paralelos.,Permitir a peritos externos revisar evidencias y emitir instrucciones sin bloquear el expediente en correo o canales paralelos.,,P2,11,Wave 3,seguimiento perito; pendientes por instrucciones periciales,,,Portal de peritos y auditoría técnica,ERP;Siniestros;Epic,Propuesto,ERP\Siniestros,Wave3,Epic,Portal de peritos y auditoría técnica,Fila agregadora para importación jerárquica
US-11.01,User Story,EP-11,Portal de peritos y auditoría técnica,Acceder solo a los expedientes que tengo asignados,Como perito quiero acceder solo a los expedientes que tengo asignados para revisar el caso sin exponer información sensible de otros clientes.,Como perito quiero acceder solo a los expedientes que tengo asignados para revisar el caso sin exponer información sensible de otros clientes.,"- El portal muestra únicamente expedientes asignados al perito autenticado.
- No se exponen datos financieros ni configuraciones internas ajenas a la revisión técnica.
- Los accesos y visualizaciones relevantes quedan auditados.",P2,3,Wave 3,pestaña perito,,RBAC y asignación de perito,Portal de peritos y auditoría técnica,ERP;Siniestros;EP-11;Wave3,Propuesto,ERP\Siniestros,Wave3,Story,Portal de peritos y auditoría técnica,
US-11.02,User Story,EP-11,Portal de peritos y auditoría técnica,"Visualizar parte, documentos y evidencias gráficas","Como perito quiero visualizar parte, documentos y evidencias gráficas para emitir criterio técnico sin desplazarme cuando no sea necesario.","Como perito quiero visualizar parte, documentos y evidencias gráficas para emitir criterio técnico sin desplazarme cuando no sea necesario.","- El portal muestra PDF, imágenes y datos esenciales del siniestro en modo solo lectura.
- Los archivos se sirven de forma segura con autorización temporal o proxy controlado.
- Las evidencias cargan con rendimiento aceptable incluso en expedientes con múltiples adjuntos.",P2,3,Wave 3,parte y fotos del expediente,EP-05,EP-05 y gestión documental,Portal de peritos y auditoría técnica,ERP;Siniestros;EP-11;Wave3,Propuesto,ERP\Siniestros,Wave3,Story,Portal de peritos y auditoría técnica,
US-11.03,User Story,EP-11,Portal de peritos y auditoría técnica,Emitir instrucciones o aprobación desde el portal,Como perito quiero emitir instrucciones o aprobación desde el portal para desbloquear o redirigir el flujo del expediente.,Como perito quiero emitir instrucciones o aprobación desde el portal para desbloquear o redirigir el flujo del expediente.,"- La instrucción queda registrada en la timeline del expediente con autor y fecha.
- El envío puede cambiar el estado de pendiente a reactivado si la regla de negocio lo permite.
- La oficina recibe notificación inmediata y trazable de la resolución pericial.",P2,5,Wave 3,espera de instrucciones periciales,,timeline y motor de eventos,Portal de peritos y auditoría técnica,ERP;Siniestros;EP-11;Wave3,Propuesto,ERP\Siniestros,Wave3,Story,Portal de peritos y auditoría técnica,
EP-12,Epic,,Portal de transparencia para el asegurado / cliente final,Portal de transparencia para el asegurado / cliente final,Reducir llamadas y mejorar la experiencia del asegurado mediante un enlace seguro de seguimiento y gestión de cita.,Reducir llamadas y mejorar la experiencia del asegurado mediante un enlace seguro de seguimiento y gestión de cita.,,P2,14,Wave 3,"comunicaciones con asegurados, seguimiento externo",,,Portal de transparencia para el asegurado / cliente final,ERP;Siniestros;Epic,Propuesto,ERP\Siniestros,Wave3,Epic,Portal de transparencia para el asegurado / cliente final,Fila agregadora para importación jerárquica
US-12.01,User Story,EP-12,Portal de transparencia para el asegurado / cliente final,Recibir un enlace seguro sin registro,Como cliente final quiero recibir un enlace seguro sin registro para consultar el estado de mi expediente desde el móvil.,Como cliente final quiero recibir un enlace seguro sin registro para consultar el estado de mi expediente desde el móvil.,"- El enlace se genera con token temporal y acceso acotado al expediente correspondiente.
- La vista muestra solo información permitida: estado, cita, contacto y evolución general.
- El acceso no requiere usuario/contraseña y caduca según política definida.",P2,3,Wave 3,seguimiento para asegurado,"EP-02, EP-04",EP-04 cita y EP-02 comunicaciones,Portal de transparencia para el asegurado / cliente final,ERP;Siniestros;EP-12;Wave3,Propuesto,ERP\Siniestros,Wave3,Story,Portal de transparencia para el asegurado / cliente final,
US-12.02,User Story,EP-12,Portal de transparencia para el asegurado / cliente final,"Ver la cita, la franja horaria y los datos básicos del operario","Como cliente final quiero ver la cita, la franja horaria y los datos básicos del operario para ganar confianza y reducir incertidumbre.","Como cliente final quiero ver la cita, la franja horaria y los datos básicos del operario para ganar confianza y reducir incertidumbre.","- La pantalla muestra fecha, hora, estado de la cita y nombre o identificación autorizada del técnico.
- La información se actualiza si la cita se reprograma.
- No se muestran datos internos o sensibles del operario más allá de lo permitido.",P2,3,Wave 3,confirmación de cita,,planificación y maestros de operario,Portal de transparencia para el asegurado / cliente final,ERP;Siniestros;EP-12;Wave3,Propuesto,ERP\Siniestros,Wave3,Story,Portal de transparencia para el asegurado / cliente final,
US-12.03,User Story,EP-12,Portal de transparencia para el asegurado / cliente final,Confirmar o solicitar cambio de cita desde el portal,Como cliente final quiero confirmar o solicitar cambio de cita desde el portal para reducir fricción y llamadas al call center.,Como cliente final quiero confirmar o solicitar cambio de cita desde el portal para reducir fricción y llamadas al call center.,"- El cliente puede confirmar asistencia o solicitar nueva franja con motivo.
- La acción queda registrada en la timeline del expediente y notifica a la oficina.
- Las solicitudes fuera de plazo o incompatibles se gestionan con mensaje claro y ruta alternativa.",P2,5,Wave 3,comunicación con asegurado,EP-04,EP-04,Portal de transparencia para el asegurado / cliente final,ERP;Siniestros;EP-12;Wave3,Propuesto,ERP\Siniestros,Wave3,Story,Portal de transparencia para el asegurado / cliente final,
US-12.04,User Story,EP-12,Portal de transparencia para el asegurado / cliente final,Recoger valoración final del servicio,Como negocio quiero recoger valoración final del servicio para medir satisfacción y cerrar el expediente con feedback del cliente.,Como negocio quiero recoger valoración final del servicio para medir satisfacción y cerrar el expediente con feedback del cliente.,"- Tras la finalización, el portal puede mostrar encuesta o NPS configurado.
- Las respuestas se almacenan vinculadas al expediente y al canal de recogida.
- Los resultados alimentan reporting de calidad y no afectan al cierre económico salvo regla expresa.",P2,3,Wave 3,encuestas y calidad,,expediente finalizado,Portal de transparencia para el asegurado / cliente final,ERP;Siniestros;EP-12;Wave3,Propuesto,ERP\Siniestros,Wave3,Story,Portal de transparencia para el asegurado / cliente final,
EP-13,Epic,,"Migración, calidad de datos y transición desde PWGS","Migración, calidad de datos y transición desde PWGS","Permitir una transición ordenada desde el ERP heredado asegurando equivalencia funcional, trazabilidad y limpieza de datos.","Permitir una transición ordenada desde el ERP heredado asegurando equivalencia funcional, trazabilidad y limpieza de datos.",,P0,37,Wave 0-2,Anexo de transición PWGS completo,,,"Migración, calidad de datos y transición desde PWGS",ERP;Siniestros;Epic,Propuesto,ERP\Siniestros,Wave0-2,Epic,"Migración, calidad de datos y transición desde PWGS",Fila agregadora para importación jerárquica
US-13.01,User Story,EP-13,"Migración, calidad de datos y transición desde PWGS",Una matriz campo a campo entre PWGS y el nuevo ERP,Como responsable de migración quiero una matriz campo a campo entre PWGS y el nuevo ERP para evitar pérdida funcional y ambigüedad en el rediseño.,Como responsable de migración quiero una matriz campo a campo entre PWGS y el nuevo ERP para evitar pérdida funcional y ambigüedad en el rediseño.,"- Cada campo legacy se asigna a entidad destino, atributo nuevo, regla de transformación y criticidad.
- Los campos obsoletos, fusionados o reemplazados quedan justificados explícitamente.
- La matriz se mantiene versionada y aprobada por negocio y tecnología.",P0,8,Wave 0-2,anexo 18 completo,,documento maestro v3,"Migración, calidad de datos y transición desde PWGS",ERP;Siniestros;EP-13;Wave0-2,Propuesto,ERP\Siniestros,Wave0-2,Story,"Migración, calidad de datos y transición desde PWGS",
US-13.02,User Story,EP-13,"Migración, calidad de datos y transición desde PWGS","Definir reglas de calidad, normalización y deduplicación","Como data architect quiero definir reglas de calidad, normalización y deduplicación para migrar expedientes, compañías, operarios y baremos con consistencia.","Como data architect quiero definir reglas de calidad, normalización y deduplicación para migrar expedientes, compañías, operarios y baremos con consistencia.","- Se definen reglas de formato para NIF, teléfonos, direcciones, IBAN, códigos y correos.
- El proceso detecta duplicados y propone estrategia de consolidación o rechazo.
- Las incidencias de calidad generan reporte accionable antes de la carga definitiva.",P0,8,Wave 0-2,maestros y formularios PWGS,,inventario de datos,"Migración, calidad de datos y transición desde PWGS",ERP;Siniestros;EP-13;Wave0-2,Propuesto,ERP\Siniestros,Wave0-2,Story,"Migración, calidad de datos y transición desde PWGS",
US-13.03,User Story,EP-13,"Migración, calidad de datos y transición desde PWGS",Herramientas ETL reproducibles,Como equipo de implantación quiero herramientas ETL reproducibles para ejecutar cargas iniciales y parciales con control de errores.,Como equipo de implantación quiero herramientas ETL reproducibles para ejecutar cargas iniciales y parciales con control de errores.,"- Las cargas pueden ejecutarse en modo simulación y modo real con trazabilidad completa.
- Cada corrida informa registros insertados, actualizados, rechazados y su motivo.
- El proceso puede reanudarse sin crear duplicados ni corromper datos ya migrados.",P0,8,Wave 0-2,toda la base legacy,,matriz y reglas de calidad,"Migración, calidad de datos y transición desde PWGS",ERP;Siniestros;EP-13;Wave0-2,Propuesto,ERP\Siniestros,Wave0-2,Story,"Migración, calidad de datos y transición desde PWGS",
US-13.04,User Story,EP-13,"Migración, calidad de datos y transición desde PWGS",Un periodo de coexistencia controlada con validación paralela,Como negocio quiero un periodo de coexistencia controlada con validación paralela para comparar resultados entre sistema legacy y nuevo ERP.,Como negocio quiero un periodo de coexistencia controlada con validación paralela para comparar resultados entre sistema legacy y nuevo ERP.,"- Se definen procesos críticos a contrastar en doble registro o reconciliación temporal.
- Existen informes de divergencias entre ambos sistemas con responsable de resolución.
- La salida a producción se aprueba solo tras cumplir umbrales acordados de consistencia.",P0,8,Wave 0-2,operación diaria PWGS,,entorno de preproducción,"Migración, calidad de datos y transición desde PWGS",ERP;Siniestros;EP-13;Wave0-2,Propuesto,ERP\Siniestros,Wave0-2,Story,"Migración, calidad de datos y transición desde PWGS",
US-13.05,User Story,EP-13,"Migración, calidad de datos y transición desde PWGS",Un plan de formación y transición por perfiles,Como responsable de implantación quiero un plan de formación y transición por perfiles para minimizar rechazo y asegurar adopción del nuevo flujo.,Como responsable de implantación quiero un plan de formación y transición por perfiles para minimizar rechazo y asegurar adopción del nuevo flujo.,"- Se identifican perfiles de usuario y itinerarios de formación específicos.
- Cada módulo core dispone de guías operativas y escenarios de prueba para negocio.
- Se recoge feedback post-implantación y se priorizan ajustes en un backlog evolutivo.",P0,5,Wave 0-2,procesos operativos actuales,,backlog priorizado y UX validada,"Migración, calidad de datos y transición desde PWGS",ERP;Siniestros;EP-13;Wave0-2,Propuesto,ERP\Siniestros,Wave0-2,Story,"Migración, calidad de datos y transición desde PWGS",
